{
	"file": "/home/elvis/Documents/GitHub/DAFSM-Updated/solidity_code_gen/py_server/py_server/code_zip/Mutations1/BasicProvenance_10000_0.01_no_pi_834d9d96-36d4-4689-b880-a47acb6a6b59_337374478968/contracts/BasicProvenance.sol",
	"start": 2613,
	"end": 2631,
	"startLine": 79,
	"endLine": 79,
	"original": "Roles[] memory arr",
	"replace": "Roles[] storage arr",
	"operator": "DLR",
	"status": "stillborn",
	"killers": [],
	"nonKillers": [],
	"bytecode": null,
	"testingTime": null,
	"id": "24d99fb7"
}