{
	"file": "/home/elvis/Documents/GitHub/DAFSM-Updated/solidity_code_gen/py_server/py_server/code_zip/Mutations1/AssetTransfer_5000_0.01_no_pi_cef74f62-3b99-4e0e-b174-7258e3fbe78f_37260515698/contracts/AssetTransfer.sol",
	"start": 8473,
	"end": 8542,
	"startLine": 220,
	"endLine": 220,
	"original": "function _roles(Roles r1) internal pure returns (Roles[] memory arr) ",
	"replace": "function _roles(Roles r1) public pure returns (Roles[] memory arr) ",
	"operator": "FVR",
	"status": "live",
	"killers": [],
	"nonKillers": [],
	"bytecode": null,
	"testingTime": 54559,
	"id": "4dbc0e0a"
}