{
	"file": "/home/elvis/Documents/GitHub/DAFSM-Updated/solidity_code_gen/py_server/py_server/code_zip/Mutations1/AssetTransfer_5000_0.01_no_pi_cef74f62-3b99-4e0e-b174-7258e3fbe78f_37260515698/contracts/AssetTransfer.sol",
	"start": 539,
	"end": 604,
	"startLine": 24,
	"endLine": 24,
	"original": "assert(roleSatisf(msg.sender, _roles(Roles.O), new Roles [] (0)));",
	"replace": "require(roleSatisf(msg.sender, _roles(Roles.O), new Roles [] (0)))",
	"operator": "EHC",
	"status": "live",
	"killers": [],
	"nonKillers": [],
	"bytecode": null,
	"testingTime": 53976,
	"id": "830d5989"
}