{
	"file": "/home/elvis/Documents/GitHub/DAFSM-Updated/solidity_code_gen/py_server/py_server/code_zip/Mutations1/AssetTransfer_5000_0.01_no_pi_cef74f62-3b99-4e0e-b174-7258e3fbe78f_37260515698/contracts/AssetTransfer.sol",
	"start": 7427,
	"end": 7485,
	"startLine": 186,
	"endLine": 190,
	"original": " else {\n            revert(\"Condition not met\");\n        }",
	"replace": "/* else {\n            revert(\"Condition not met\");\n        }*/",
	"operator": "CSC",
	"status": "live",
	"killers": [],
	"nonKillers": [],
	"bytecode": null,
	"testingTime": 55269,
	"id": "595703c3"
}