{
	"file": "/home/elvis/Documents/GitHub/DAFSM-Updated/solidity_code_gen/py_server/py_server/code_zip/Mutations1/AssetTransfer_5000_0.01_no_pi_cef74f62-3b99-4e0e-b174-7258e3fbe78f_37260515698/contracts/AssetTransfer.sol",
	"start": 975,
	"end": 1145,
	"startLine": 40,
	"endLine": 40,
	"original": "assert(roleSatisf(msg.sender, _roles(Roles.B), new Roles [] (0)) && roleSatisf(i, _roles(Roles.I), new Roles [] (0)) && roleSatisf(a, _roles(Roles.A), new Roles [] (0)));",
	"replace": "/* assert(roleSatisf(msg.sender, _roles(Roles.B), new Roles [] (0)) && roleSatisf(i, _roles(Roles.I), new Roles [] (0)) && roleSatisf(a, _roles(Roles.A), new Roles [] (0))); */",
	"operator": "EHC",
	"status": "live",
	"killers": [],
	"nonKillers": [],
	"bytecode": null,
	"testingTime": 54923,
	"id": "b62213a2"
}