{
	"file": "/home/elvis/Documents/GitHub/DAFSM-Updated/solidity_code_gen/py_server/py_server/code_zip/Mutations1/AssetTransfer_5000_0.01_no_pi_cef74f62-3b99-4e0e-b174-7258e3fbe78f_37260515698/contracts/AssetTransfer.sol",
	"start": 637,
	"end": 665,
	"startLine": 27,
	"endLine": 27,
	"original": "revert(\"Condition not met\");",
	"replace": "/* revert(\"Condition not met\"); */",
	"operator": "EHC",
	"status": "live",
	"killers": [],
	"nonKillers": [],
	"bytecode": null,
	"testingTime": 54462,
	"id": "b93240dd"
}