{
	"file": "/home/elvis/Documents/GitHub/DAFSM-Updated/solidity_code_gen/py_server/py_server/code_zip/Mutations1/AssetTransfer_5000_0.01_no_pi_cef74f62-3b99-4e0e-b174-7258e3fbe78f_37260515698/contracts/AssetTransfer.sol",
	"start": 7447,
	"end": 7475,
	"startLine": 189,
	"endLine": 189,
	"original": "revert(\"Condition not met\");",
	"replace": "/* revert(\"Condition not met\"); */",
	"operator": "EHC",
	"status": "live",
	"killers": [],
	"nonKillers": [],
	"bytecode": null,
	"testingTime": 54987,
	"id": "3aac713f"
}