{
	"file": "/home/elvis/Documents/GitHub/DAFSM-Updated/solidity_code_gen/py_server/py_server/code_zip/Mutations1/AssetTransfer_5000_0.01_no_pi_cef74f62-3b99-4e0e-b174-7258e3fbe78f_37260515698/contracts/AssetTransfer.sol",
	"start": 7690,
	"end": 7850,
	"startLine": 198,
	"endLine": 202,
	"original": "function roleSatisf(\n        address participant,\n        Roles[] memory hasrole_roles,\n        Roles[] memory notrole_roles\n    ) internal view returns (bool) ",
	"replace": "function roleSatisf(\n        address participant,\n        Roles[] memory hasrole_roles,\n        Roles[] memory notrole_roles\n    ) public view returns (bool) ",
	"operator": "FVR",
	"status": "live",
	"killers": [],
	"nonKillers": [],
	"bytecode": null,
	"testingTime": 54789,
	"id": "f780693f"
}