{
	"file": "/home/elvis/Documents/GitHub/DAFSM-Updated/solidity_code_gen/py_server/py_server/code_zip/Mutations1/AssetTransfer_5000_0.01_no_pi_cef74f62-3b99-4e0e-b174-7258e3fbe78f_37260515698/contracts/AssetTransfer.sol",
	"start": 5490,
	"end": 5555,
	"startLine": 142,
	"endLine": 142,
	"original": "assert(roleSatisf(msg.sender, new Roles [] (0), _roles(Roles.B)));",
	"replace": "require(roleSatisf(msg.sender, new Roles [] (0), _roles(Roles.B)))",
	"operator": "EHC",
	"status": "live",
	"killers": [],
	"nonKillers": [],
	"bytecode": null,
	"testingTime": 53610,
	"id": "ffb99a23"
}