{
	"file": "/home/elvis/Documents/GitHub/DAFSM-Updated/solidity_code_gen/py_server/py_server/code_zip/Mutations1/AssetTransfer_5000_0.01_no_pi_cef74f62-3b99-4e0e-b174-7258e3fbe78f_37260515698/contracts/AssetTransfer.sol",
	"start": 4394,
	"end": 4460,
	"startLine": 122,
	"endLine": 122,
	"original": "assert(roleSatisf(msg.sender, new Roles [] (0), _roles(Roles.B)));",
	"replace": "/* assert(roleSatisf(msg.sender, new Roles [] (0), _roles(Roles.B))); */",
	"operator": "EHC",
	"status": "live",
	"killers": [],
	"nonKillers": [],
	"bytecode": null,
	"testingTime": 55666,
	"id": "4dc5b8a1"
}