{
	"file": "/home/elvis/Documents/GitHub/DAFSM-Updated/solidity_code_gen/py_server/py_server/code_zip/Mutations1/AssetTransfer_5000_0.01_no_pi_cef74f62-3b99-4e0e-b174-7258e3fbe78f_37260515698/contracts/AssetTransfer.sol",
	"start": 6134,
	"end": 6162,
	"startLine": 154,
	"endLine": 154,
	"original": "revert(\"Condition not met\");",
	"replace": "/* revert(\"Condition not met\"); */",
	"operator": "EHC",
	"status": "killed",
	"killers": [],
	"nonKillers": [],
	"bytecode": null,
	"testingTime": 14146,
	"id": "f55a1563"
}