{
	"file": "/home/elvis/Documents/GitHub/DAFSM-Updated/solidity_code_gen/py_server/py_server/code_zip/Mutations1/AssetTransfer_5000_0.01_no_pi_cef74f62-3b99-4e0e-b174-7258e3fbe78f_37260515698/contracts/AssetTransfer.sol",
	"start": 238,
	"end": 262,
	"startLine": 12,
	"endLine": 12,
	"original": "uint  public AskingPrice",
	"replace": "uint  internal AskingPrice",
	"operator": "VVR",
	"status": "killed",
	"killers": [],
	"nonKillers": [],
	"bytecode": null,
	"testingTime": 12079,
	"id": "3b1fbc85"
}