{
	"file": "/home/elvis/Documents/GitHub/DAFSM-Updated/solidity_code_gen/py_server/py_server/code_zip/Mutations1/AssetTransfer_5000_0.01_no_pi_cef74f62-3b99-4e0e-b174-7258e3fbe78f_37260515698/contracts/AssetTransfer.sol",
	"start": 6578,
	"end": 6612,
	"startLine": 170,
	"endLine": 170,
	"original": "function MarkAppraised () public  ",
	"replace": "function MarkAppraised () internal  ",
	"operator": "FVR",
	"status": "killed",
	"killers": [],
	"nonKillers": [],
	"bytecode": null,
	"testingTime": 12006,
	"id": "8db83cde"
}