{
	"file": "/home/elvis/Documents/GitHub/DAFSM-Updated/solidity_code_gen/py_server/py_server/code_zip/Mutations1/AssetTransfer_5000_0.01_no_pi_cef74f62-3b99-4e0e-b174-7258e3fbe78f_37260515698/contracts/AssetTransfer.sol",
	"start": 1838,
	"end": 1925,
	"startLine": 56,
	"endLine": 56,
	"original": "_state == State.S4 && true && roleSatisf(msg.sender, _roles(Roles.O), new Roles [] (0))",
	"replace": "false",
	"operator": "CSC",
	"status": "killed",
	"killers": [],
	"nonKillers": [],
	"bytecode": null,
	"testingTime": 21263,
	"id": "3158cd0b"
}