{
	"file": "/home/elvis/Documents/GitHub/DAFSM-Updated/solidity_code_gen/py_server/py_server/code_zip/Mutations1/AssetTransfer_5000_0.01_no_pi_cef74f62-3b99-4e0e-b174-7258e3fbe78f_37260515698/contracts/AssetTransfer.sol",
	"start": 2880,
	"end": 2938,
	"startLine": 80,
	"endLine": 85,
	"original": " else {\n            revert(\"Condition not met\");\n        }",
	"replace": "/* else {\n            revert(\"Condition not met\");\n        }*/",
	"operator": "CSC",
	"status": "killed",
	"killers": [],
	"nonKillers": [],
	"bytecode": null,
	"testingTime": 13040,
	"id": "705b20e9"
}