{
	"file": "/home/elvis/Documents/GitHub/DAFSM-Updated/solidity_code_gen/py_server/py_server/code_zip/Mutations1/AssetTransfer_5000_0.01_no_pi_cef74f62-3b99-4e0e-b174-7258e3fbe78f_37260515698/contracts/AssetTransfer.sol",
	"start": 2668,
	"end": 2711,
	"startLine": 79,
	"endLine": 79,
	"original": "function modifyOffer (uint _price) public  ",
	"replace": "function modifyOffer (uint _price) internal  ",
	"operator": "FVR",
	"status": "killed",
	"killers": [],
	"nonKillers": [],
	"bytecode": null,
	"testingTime": 12306,
	"id": "541a5270"
}