{
	"file": "/home/elvis/Documents/GitHub/DAFSM-Updated/solidity_code_gen/py_server/py_server/code_zip/Mutations1/AssetTransfer_5000_0.01_no_pi_cef74f62-3b99-4e0e-b174-7258e3fbe78f_37260515698/contracts/AssetTransfer.sol",
	"start": 2326,
	"end": 2392,
	"startLine": 68,
	"endLine": 68,
	"original": "function modify (string memory _description, uint _price) public  ",
	"replace": "function modify (string memory _description, uint _price) internal  ",
	"operator": "FVR",
	"status": "killed",
	"killers": [],
	"nonKillers": [],
	"bytecode": null,
	"testingTime": 12082,
	"id": "5bcf11a4"
}