{
	"file": "/home/elvis/Documents/GitHub/DAFSM-Updated/solidity_code_gen/py_server/py_server/code_zip/Mutations1/AssetTransfer_5000_0.01_no_pi_cef74f62-3b99-4e0e-b174-7258e3fbe78f_37260515698/contracts/AssetTransfer.sol",
	"start": 1979,
	"end": 2066,
	"startLine": 58,
	"endLine": 58,
	"original": "_state == State.S7 && true && roleSatisf(msg.sender, _roles(Roles.O), new Roles [] (0))",
	"replace": "false",
	"operator": "CSC",
	"status": "killed",
	"killers": [],
	"nonKillers": [],
	"bytecode": null,
	"testingTime": 12016,
	"id": "2c0264bd"
}