{
	"file": "/home/elvis/Documents/GitHub/DAFSM-Updated/solidity_code_gen/py_server/py_server/code_zip/Mutations1/AssetTransfer_5000_0.01_no_pi_cef74f62-3b99-4e0e-b174-7258e3fbe78f_37260515698/contracts/AssetTransfer.sol",
	"start": 697,
	"end": 760,
	"startLine": 33,
	"endLine": 33,
	"original": "function makeOffer (address i, address a, uint _price) public  ",
	"replace": "function makeOffer (address i, address a, uint _price) internal  ",
	"operator": "FVR",
	"status": "killed",
	"killers": [],
	"nonKillers": [],
	"bytecode": null,
	"testingTime": 11981,
	"id": "38582ca5"
}