{
	"file": "/home/elvis/Documents/GitHub/DAFSM-Updated/solidity_code_gen/py_server/py_server/code_zip/Mutations1/AssetTransfer_5000_0.01_no_pi_cef74f62-3b99-4e0e-b174-7258e3fbe78f_37260515698/contracts/AssetTransfer.sol",
	"start": 4206,
	"end": 4293,
	"startLine": 118,
	"endLine": 118,
	"original": "_state == State.S1 && true && roleSatisf(msg.sender, _roles(Roles.B), new Roles [] (0))",
	"replace": "true",
	"operator": "CSC",
	"status": "killed",
	"killers": [],
	"nonKillers": [],
	"bytecode": null,
	"testingTime": 14075,
	"id": "0f0ae89a"
}