{
	"file": "/home/elvis/Documents/GitHub/DAFSM-Updated/solidity_code_gen/py_server/py_server/code_zip/Mutations1/AssetTransfer_5000_0.01_no_pi_cef74f62-3b99-4e0e-b174-7258e3fbe78f_37260515698/contracts/AssetTransfer.sol",
	"start": 7296,
	"end": 7383,
	"startLine": 186,
	"endLine": 186,
	"original": "_state == State.S8 && true && roleSatisf(msg.sender, _roles(Roles.O), new Roles [] (0))",
	"replace": "false",
	"operator": "CSC",
	"status": "killed",
	"killers": [],
	"nonKillers": [],
	"bytecode": null,
	"testingTime": 33895,
	"id": "3cd1220d"
}