{
	"file": "/home/elvis/Documents/GitHub/DAFSM-Updated/solidity_code_gen/py_server/py_server/code_zip/Mutations1/AssetTransfer_5000_0.01_no_pi_cef74f62-3b99-4e0e-b174-7258e3fbe78f_37260515698/contracts/AssetTransfer.sol",
	"start": 3766,
	"end": 3798,
	"startLine": 106,
	"endLine": 106,
	"original": "function acceptOffer () public  ",
	"replace": "function acceptOffer () internal  ",
	"operator": "FVR",
	"status": "killed",
	"killers": [],
	"nonKillers": [],
	"bytecode": null,
	"testingTime": 12039,
	"id": "35bd946b"
}