{
	"file": "/home/elvis/Documents/GitHub/DAFSM-Updated/solidity_code_gen/py_server/py_server/code_zip/Mutations1/AssetTransfer_5000_0.01_no_pi_cef74f62-3b99-4e0e-b174-7258e3fbe78f_37260515698/contracts/AssetTransfer.sol",
	"start": 2406,
	"end": 2493,
	"startLine": 69,
	"endLine": 69,
	"original": "_state == State.S0 && true && roleSatisf(msg.sender, _roles(Roles.O), new Roles [] (0))",
	"replace": "false",
	"operator": "CSC",
	"status": "killed",
	"killers": [],
	"nonKillers": [],
	"bytecode": null,
	"testingTime": 12026,
	"id": "2a60f411"
}