{
	"file": "/home/elvis/Documents/GitHub/DAFSM-Updated/solidity_code_gen/py_server/py_server/code_zip/Mutations1/AssetTransfer_5000_0.01_no_pi_cef74f62-3b99-4e0e-b174-7258e3fbe78f_37260515698/contracts/AssetTransfer.sol",
	"start": 5576,
	"end": 5663,
	"startLine": 143,
	"endLine": 143,
	"original": "_state == State.S7 && true && roleSatisf(msg.sender, _roles(Roles.B), new Roles [] (0))",
	"replace": "false",
	"operator": "CSC",
	"status": "killed",
	"killers": [],
	"nonKillers": [],
	"bytecode": null,
	"testingTime": 13898,
	"id": "cd5b1a5f"
}