{
	"file": "/home/elvis/Documents/GitHub/DAFSM-Updated/solidity_code_gen/py_server/py_server/code_zip/Mutations1/AssetTransfer_5000_0.01_no_pi_cef74f62-3b99-4e0e-b174-7258e3fbe78f_37260515698/contracts/AssetTransfer.sol",
	"start": 370,
	"end": 681,
	"startLine": 18,
	"endLine": 29,
	"original": "constructor(uint _price)  {\n        if (true) {\n            AskingPrice =  _price;\n\t\tOfferPrice =  0;\n\t\t_permissions[msg.sender][Roles.O] = true;\n\t\t_state = State.S0; \n\tassert(roleSatisf(msg.sender, _roles(Roles.O), new Roles [] (0)));\n\t\n        } else {\n            revert(\"Condition not met\");\n        }\n    }",
	"replace": "/* constructor(uint _price)  {\n        if (true) {\n            AskingPrice =  _price;\n\t\tOfferPrice =  0;\n\t\t_permissions[msg.sender][Roles.O] = true;\n\t\t_state = State.S0; \n\tassert(roleSatisf(msg.sender, _roles(Roles.O), new Roles [] (0)));\n\t\n        } else {\n            revert(\"Condition not met\");\n        }\n    } */",
	"operator": "CCD",
	"status": "killed",
	"killers": [],
	"nonKillers": [],
	"bytecode": null,
	"testingTime": 12016,
	"id": "25e63bab"
}