{
	"file": "/home/elvis/Documents/GitHub/DAFSM-Updated/solidity_code_gen/py_server/py_server/code_zip/Mutations1/AssetTransfer_5000_0.01_no_pi_cef74f62-3b99-4e0e-b174-7258e3fbe78f_37260515698/contracts/AssetTransfer.sol",
	"start": 8244,
	"end": 8287,
	"startLine": 212,
	"endLine": 212,
	"original": "!_permissions[participant][hasrole_roles[i]",
	"replace": " _permissions[participant][hasrole_roles[i]",
	"operator": "UORD",
	"status": "killed",
	"killers": [],
	"nonKillers": [],
	"bytecode": null,
	"testingTime": 12151,
	"id": "e8a6283c"
}