{
	"file": "/home/elvis/Documents/GitHub/DAFSM-Updated/solidity_code_gen/py_server/py_server/code_zip/Mutations1/AssetTransfer_5000_0.01_no_pi_cef74f62-3b99-4e0e-b174-7258e3fbe78f_37260515698/contracts/AssetTransfer.sol",
	"start": 265,
	"end": 288,
	"startLine": 13,
	"endLine": 13,
	"original": "uint  public OfferPrice",
	"replace": "uint  internal OfferPrice",
	"operator": "VVR",
	"status": "killed",
	"killers": [],
	"nonKillers": [],
	"bytecode": null,
	"testingTime": 12065,
	"id": "6700e041"
}