{
	"file": "/home/elvis/Documents/GitHub/DAFSM-Updated/solidity_code_gen/py_server/py_server/code_zip/Mutations1/BasicProvenance_10000_0.01_no_pi_834d9d96-36d4-4689-b880-a47acb6a6b59_337374478968/contracts/BasicProvenance.sol",
	"start": 141,
	"end": 166,
	"startLine": 9,
	"endLine": 9,
	"original": "CounterParty, SupplyOwner",
	"replace": "SupplyOwner, CounterParty",
	"operator": "ER",
	"status": "live",
	"killers": [],
	"nonKillers": [],
	"bytecode": null,
	"testingTime": 115361,
	"id": "bcd8961e"
}