{
	"file": "/home/elvis/Documents/GitHub/DAFSM-Updated/solidity_code_gen/py_server/py_server/code_zip/Mutations1/BasicProvenance_10000_0.01_no_pi_834d9d96-36d4-4689-b880-a47acb6a6b59_337374478968/contracts/BasicProvenance.sol",
	"start": 1781,
	"end": 1941,
	"startLine": 57,
	"endLine": 61,
	"original": "function roleSatisf(\n        address participant,\n        Roles[] memory hasrole_roles,\n        Roles[] memory notrole_roles\n    ) internal view returns (bool) ",
	"replace": "function roleSatisf(\n        address participant,\n        Roles[] memory hasrole_roles,\n        Roles[] memory notrole_roles\n    ) public view returns (bool) ",
	"operator": "FVR",
	"status": "live",
	"killers": [],
	"nonKillers": [],
	"bytecode": null,
	"testingTime": 117445,
	"id": "4a861942"
}