{
	"file": "/home/elvis/Documents/GitHub/DAFSM-Updated/solidity_code_gen/py_server/py_server/code_zip/Mutations1/BasicProvenance_10000_0.01_no_pi_834d9d96-36d4-4689-b880-a47acb6a6b59_337374478968/contracts/BasicProvenance.sol",
	"start": 2564,
	"end": 2633,
	"startLine": 79,
	"endLine": 79,
	"original": "function _roles(Roles r1) internal pure returns (Roles[] memory arr) ",
	"replace": "function _roles(Roles r1) public pure returns (Roles[] memory arr) ",
	"operator": "FVR",
	"status": "live",
	"killers": [],
	"nonKillers": [],
	"bytecode": null,
	"testingTime": 115395,
	"id": "cefe1dc7"
}