{
	"file": "/home/elvis/Documents/GitHub/DAFSM-Updated/solidity_code_gen/py_server/py_server/code_zip/Mutations1/BasicProvenance_10000_0.01_no_pi_834d9d96-36d4-4689-b880-a47acb6a6b59_337374478968/contracts/BasicProvenance.sol",
	"start": 489,
	"end": 547,
	"startLine": 16,
	"endLine": 23,
	"original": " else {\n            revert(\"Condition not met\");\n        }",
	"replace": "/* else {\n            revert(\"Condition not met\");\n        }*/",
	"operator": "CSC",
	"status": "live",
	"killers": [],
	"nonKillers": [],
	"bytecode": null,
	"testingTime": 117474,
	"id": "80cc18ea"
}