{
	"file": "/home/elvis/Documents/GitHub/DAFSM-Updated/solidity_code_gen/py_server/py_server/code_zip/Mutations1/BasicProvenance_10000_0.01_no_pi_834d9d96-36d4-4689-b880-a47acb6a6b59_337374478968/contracts/BasicProvenance.sol",
	"start": 401,
	"end": 476,
	"startLine": 19,
	"endLine": 19,
	"original": "assert(roleSatisf(msg.sender, _roles(Roles.SupplyOwner), new Roles [] (0)));",
	"replace": "require(roleSatisf(msg.sender, _roles(Roles.SupplyOwner), new Roles [] (0)))",
	"operator": "EHC",
	"status": "live",
	"killers": [],
	"nonKillers": [],
	"bytecode": null,
	"testingTime": 116567,
	"id": "3c0f9c16"
}