{
	"file": "/home/elvis/Documents/GitHub/DAFSM-Updated/solidity_code_gen/py_server/py_server/code_zip/Mutations1/BasicProvenance_10000_0.01_no_pi_834d9d96-36d4-4689-b880-a47acb6a6b59_337374478968/contracts/BasicProvenance.sol",
	"start": 816,
	"end": 963,
	"startLine": 33,
	"endLine": 33,
	"original": "assert(roleSatisf(msg.sender, new Roles [] (0), _roles(Roles.CounterParty)) && roleSatisf(recipient, _roles(Roles.CounterParty), new Roles [] (0)));",
	"replace": "require(roleSatisf(msg.sender, new Roles [] (0), _roles(Roles.CounterParty)) && roleSatisf(recipient, _roles(Roles.CounterParty), new Roles [] (0)))",
	"operator": "EHC",
	"status": "live",
	"killers": [],
	"nonKillers": [],
	"bytecode": null,
	"testingTime": 115432,
	"id": "6a37f409"
}