{
	"file": "/home/elvis/Documents/GitHub/DAFSM-Updated/solidity_code_gen/py_server/py_server/code_zip/Mutations1/AssetTransfer_5000_0.01_no_pi_cef74f62-3b99-4e0e-b174-7258e3fbe78f_37260515698/contracts/AssetTransfer.sol",
	"start": 7748,
	"end": 7776,
	"startLine": 200,
	"endLine": 200,
	"original": "Roles[] memory hasrole_roles",
	"replace": "Roles[] storage hasrole_roles",
	"operator": "DLR",
	"status": "stillborn",
	"killers": [],
	"nonKillers": [],
	"bytecode": null,
	"testingTime": null,
	"id": "8f16a8fc"
}