{
	"file": "/home/elvis/Documents/GitHub/DAFSM-Updated/solidity_code_gen/py_server/py_server/code_zip/Mutations1/AssetTransfer_5000_0.01_no_pi_cef74f62-3b99-4e0e-b174-7258e3fbe78f_37260515698/contracts/AssetTransfer.sol",
	"start": 2343,
	"end": 2369,
	"startLine": 68,
	"endLine": 68,
	"original": "string memory _description",
	"replace": "string storage _description",
	"operator": "DLR",
	"status": "stillborn",
	"killers": [],
	"nonKillers": [],
	"bytecode": null,
	"testingTime": null,
	"id": "cf3d377d"
}