{
	"file": "/home/elvis/Documents/GitHub/DAFSM-Updated/solidity_code_gen/py_server/py_server/code_zip/Mutations1/BasicProvenance_10000_0.01_no_pi_834d9d96-36d4-4689-b880-a47acb6a6b59_337374478968/contracts/BasicProvenance.sol",
	"start": 277,
	"end": 553,
	"startLine": 15,
	"endLine": 24,
	"original": "constructor()  {\n        if (true) {\n            _permissions[msg.sender][Roles.SupplyOwner] = true;\n\t\t_state = State.S0; \n\tassert(roleSatisf(msg.sender, _roles(Roles.SupplyOwner), new Roles [] (0)));\n\t\n        } else {\n            revert(\"Condition not met\");\n        }\n    }",
	"replace": "/* constructor()  {\n        if (true) {\n            _permissions[msg.sender][Roles.SupplyOwner] = true;\n\t\t_state = State.S0; \n\tassert(roleSatisf(msg.sender, _roles(Roles.SupplyOwner), new Roles [] (0)));\n\t\n        } else {\n            revert(\"Condition not met\");\n        }\n    } */",
	"operator": "CCD",
	"status": "killed",
	"killers": [],
	"nonKillers": [],
	"bytecode": null,
	"testingTime": 12242,
	"id": "4ce0a7a6"
}