{
	"file": "/home/elvis/Documents/GitHub/DAFSM-Updated/solidity_code_gen/py_server/py_server/code_zip/Mutations1/BasicProvenance_10000_0.01_no_pi_834d9d96-36d4-4689-b880-a47acb6a6b59_337374478968/contracts/BasicProvenance.sol",
	"start": 2335,
	"end": 2378,
	"startLine": 71,
	"endLine": 71,
	"original": "!_permissions[participant][hasrole_roles[i]",
	"replace": " _permissions[participant][hasrole_roles[i]",
	"operator": "UORD",
	"status": "killed",
	"killers": [],
	"nonKillers": [],
	"bytecode": null,
	"testingTime": 12044,
	"id": "e050f58b"
}