{
	"file": "/home/elvis/Documents/GitHub/DAFSM-Updated/solidity_code_gen/py_server/py_server/code_zip/Mutations1/BasicProvenance_10000_0.01_no_pi_834d9d96-36d4-4689-b880-a47acb6a6b59_337374478968/contracts/BasicProvenance.sol",
	"start": 1377,
	"end": 1474,
	"startLine": 45,
	"endLine": 45,
	"original": "_state == State.S1 && true && roleSatisf(msg.sender, _roles(Roles.SupplyOwner), new Roles [] (0))",
	"replace": "true",
	"operator": "CSC",
	"status": "killed",
	"killers": [],
	"nonKillers": [],
	"bytecode": null,
	"testingTime": 12248,
	"id": "d6022cea"
}