{
	"file": "/home/elvis/Documents/GitHub/DAFSM-Updated/solidity_code_gen/py_server/py_server/code_zip/Mutations1/BasicProvenance_10000_0.01_no_pi_834d9d96-36d4-4689-b880-a47acb6a6b59_337374478968/contracts/BasicProvenance.sol",
	"start": 1538,
	"end": 1566,
	"startLine": 48,
	"endLine": 48,
	"original": "revert(\"Condition not met\");",
	"replace": "/* revert(\"Condition not met\"); */",
	"operator": "EHC",
	"status": "killed",
	"killers": [],
	"nonKillers": [],
	"bytecode": null,
	"testingTime": 12232,
	"id": "d775c176"
}