{
	"file": "/home/elvis/Documents/GitHub/DAFSM-Updated/solidity_code_gen/py_server/py_server/code_zip/Mutations1/BasicProvenance_10000_0.01_no_pi_834d9d96-36d4-4689-b880-a47acb6a6b59_337374478968/contracts/BasicProvenance.sol",
	"start": 569,
	"end": 629,
	"startLine": 28,
	"endLine": 28,
	"original": "function TransferResponsibility (address recipient) public  ",
	"replace": "function TransferResponsibility (address recipient) internal  ",
	"operator": "FVR",
	"status": "killed",
	"killers": [],
	"nonKillers": [],
	"bytecode": null,
	"testingTime": 12009,
	"id": "d3d33c60"
}