{
	"file": "/home/elvis/Documents/GitHub/DAFSM-Updated/solidity_code_gen/py_server/py_server/code_zip/Mutations1/BasicProvenance_10000_0.01_no_pi_834d9d96-36d4-4689-b880-a47acb6a6b59_337374478968/contracts/BasicProvenance.sol",
	"start": 1334,
	"end": 1363,
	"startLine": 44,
	"endLine": 44,
	"original": "function Complete () public  ",
	"replace": "function Complete () internal  ",
	"operator": "FVR",
	"status": "killed",
	"killers": [],
	"nonKillers": [],
	"bytecode": null,
	"testingTime": 12066,
	"id": "0bbcf08b"
}