[
 {
  "file": "/home/elvis/Documents/GitHub/DAFSM-Updated/solidity_code_gen/py_server/py_server/code_zip/Mutations1/BasicProvenance_10000_0.01_no_pi_834d9d96-36d4-4689-b880-a47acb6a6b59_337374478968/contracts/BasicProvenance.sol",
  "start": 306,
  "end": 310,
  "startLine": 16,
  "endLine": 16,
  "original": "true",
  "replace": "true",
  "operator": "CSC",
  "status": "live",
  "killers": [],
  "nonKillers": [],
  "bytecode": null,
  "testingTime": 119989,
  "id": "e220166d"
 },
 {
  "file": "/home/elvis/Documents/GitHub/DAFSM-Updated/solidity_code_gen/py_server/py_server/code_zip/Mutations1/BasicProvenance_10000_0.01_no_pi_834d9d96-36d4-4689-b880-a47acb6a6b59_337374478968/contracts/BasicProvenance.sol",
  "start": 489,
  "end": 547,
  "startLine": 16,
  "endLine": 23,
  "original": " else {\n            revert(\"Condition not met\");\n        }",
  "replace": "/* else {\n            revert(\"Condition not met\");\n        }*/",
  "operator": "CSC",
  "status": "live",
  "killers": [],
  "nonKillers": [],
  "bytecode": null,
  "testingTime": 117474,
  "id": "80cc18ea"
 },
 {
  "file": "/home/elvis/Documents/GitHub/DAFSM-Updated/solidity_code_gen/py_server/py_server/code_zip/Mutations1/BasicProvenance_10000_0.01_no_pi_834d9d96-36d4-4689-b880-a47acb6a6b59_337374478968/contracts/BasicProvenance.sol",
  "start": 401,
  "end": 477,
  "startLine": 19,
  "endLine": 19,
  "original": "assert(roleSatisf(msg.sender, _roles(Roles.SupplyOwner), new Roles [] (0)));",
  "replace": "/* assert(roleSatisf(msg.sender, _roles(Roles.SupplyOwner), new Roles [] (0))); */",
  "operator": "EHC",
  "status": "live",
  "killers": [],
  "nonKillers": [],
  "bytecode": null,
  "testingTime": 112582,
  "id": "2ce189a2"
 },
 {
  "file": "/home/elvis/Documents/GitHub/DAFSM-Updated/solidity_code_gen/py_server/py_server/code_zip/Mutations1/BasicProvenance_10000_0.01_no_pi_834d9d96-36d4-4689-b880-a47acb6a6b59_337374478968/contracts/BasicProvenance.sol",
  "start": 401,
  "end": 476,
  "startLine": 19,
  "endLine": 19,
  "original": "assert(roleSatisf(msg.sender, _roles(Roles.SupplyOwner), new Roles [] (0)));",
  "replace": "require(roleSatisf(msg.sender, _roles(Roles.SupplyOwner), new Roles [] (0)))",
  "operator": "EHC",
  "status": "live",
  "killers": [],
  "nonKillers": [],
  "bytecode": null,
  "testingTime": 116567,
  "id": "3c0f9c16"
 },
 {
  "file": "/home/elvis/Documents/GitHub/DAFSM-Updated/solidity_code_gen/py_server/py_server/code_zip/Mutations1/BasicProvenance_10000_0.01_no_pi_834d9d96-36d4-4689-b880-a47acb6a6b59_337374478968/contracts/BasicProvenance.sol",
  "start": 509,
  "end": 537,
  "startLine": 22,
  "endLine": 22,
  "original": "revert(\"Condition not met\");",
  "replace": "/* revert(\"Condition not met\"); */",
  "operator": "EHC",
  "status": "live",
  "killers": [],
  "nonKillers": [],
  "bytecode": null,
  "testingTime": 117505,
  "id": "d9af1628"
 },
 {
  "file": "/home/elvis/Documents/GitHub/DAFSM-Updated/solidity_code_gen/py_server/py_server/code_zip/Mutations1/BasicProvenance_10000_0.01_no_pi_834d9d96-36d4-4689-b880-a47acb6a6b59_337374478968/contracts/BasicProvenance.sol",
  "start": 816,
  "end": 963,
  "startLine": 33,
  "endLine": 33,
  "original": "assert(roleSatisf(msg.sender, new Roles [] (0), _roles(Roles.CounterParty)) && roleSatisf(recipient, _roles(Roles.CounterParty), new Roles [] (0)));",
  "replace": "require(roleSatisf(msg.sender, new Roles [] (0), _roles(Roles.CounterParty)) && roleSatisf(recipient, _roles(Roles.CounterParty), new Roles [] (0)))",
  "operator": "EHC",
  "status": "live",
  "killers": [],
  "nonKillers": [],
  "bytecode": null,
  "testingTime": 115432,
  "id": "6a37f409"
 },
 {
  "file": "/home/elvis/Documents/GitHub/DAFSM-Updated/solidity_code_gen/py_server/py_server/code_zip/Mutations1/BasicProvenance_10000_0.01_no_pi_834d9d96-36d4-4689-b880-a47acb6a6b59_337374478968/contracts/BasicProvenance.sol",
  "start": 1173,
  "end": 1249,
  "startLine": 37,
  "endLine": 37,
  "original": "assert(roleSatisf(recipient, _roles(Roles.CounterParty), new Roles [] (0)));",
  "replace": "/* assert(roleSatisf(recipient, _roles(Roles.CounterParty), new Roles [] (0))); */",
  "operator": "EHC",
  "status": "live",
  "killers": [],
  "nonKillers": [],
  "bytecode": null,
  "testingTime": 116365,
  "id": "8c9cd26f"
 },
 {
  "file": "/home/elvis/Documents/GitHub/DAFSM-Updated/solidity_code_gen/py_server/py_server/code_zip/Mutations1/BasicProvenance_10000_0.01_no_pi_834d9d96-36d4-4689-b880-a47acb6a6b59_337374478968/contracts/BasicProvenance.sol",
  "start": 1173,
  "end": 1248,
  "startLine": 37,
  "endLine": 37,
  "original": "assert(roleSatisf(recipient, _roles(Roles.CounterParty), new Roles [] (0)));",
  "replace": "require(roleSatisf(recipient, _roles(Roles.CounterParty), new Roles [] (0)))",
  "operator": "EHC",
  "status": "live",
  "killers": [],
  "nonKillers": [],
  "bytecode": null,
  "testingTime": 117015,
  "id": "278b65d7"
 },
 {
  "file": "/home/elvis/Documents/GitHub/DAFSM-Updated/solidity_code_gen/py_server/py_server/code_zip/Mutations1/BasicProvenance_10000_0.01_no_pi_834d9d96-36d4-4689-b880-a47acb6a6b59_337374478968/contracts/BasicProvenance.sol",
  "start": 111,
  "end": 117,
  "startLine": 8,
  "endLine": 8,
  "original": "S0, S1",
  "replace": "S1, S0",
  "operator": "ER",
  "status": "live",
  "killers": [],
  "nonKillers": [],
  "bytecode": null,
  "testingTime": 120629,
  "id": "e54e77ee"
 },
 {
  "file": "/home/elvis/Documents/GitHub/DAFSM-Updated/solidity_code_gen/py_server/py_server/code_zip/Mutations1/BasicProvenance_10000_0.01_no_pi_834d9d96-36d4-4689-b880-a47acb6a6b59_337374478968/contracts/BasicProvenance.sol",
  "start": 1499,
  "end": 1507,
  "startLine": 46,
  "endLine": 46,
  "original": "State.S2",
  "replace": "State.S0",
  "operator": "ER",
  "status": "live",
  "killers": [],
  "nonKillers": [],
  "bytecode": null,
  "testingTime": 112979,
  "id": "c48da46a"
 },
 {
  "file": "/home/elvis/Documents/GitHub/DAFSM-Updated/solidity_code_gen/py_server/py_server/code_zip/Mutations1/BasicProvenance_10000_0.01_no_pi_834d9d96-36d4-4689-b880-a47acb6a6b59_337374478968/contracts/BasicProvenance.sol",
  "start": 141,
  "end": 166,
  "startLine": 9,
  "endLine": 9,
  "original": "CounterParty, SupplyOwner",
  "replace": "SupplyOwner, CounterParty",
  "operator": "ER",
  "status": "live",
  "killers": [],
  "nonKillers": [],
  "bytecode": null,
  "testingTime": 115361,
  "id": "bcd8961e"
 },
 {
  "file": "/home/elvis/Documents/GitHub/DAFSM-Updated/solidity_code_gen/py_server/py_server/code_zip/Mutations1/BasicProvenance_10000_0.01_no_pi_834d9d96-36d4-4689-b880-a47acb6a6b59_337374478968/contracts/BasicProvenance.sol",
  "start": 1781,
  "end": 1941,
  "startLine": 57,
  "endLine": 61,
  "original": "function roleSatisf(\n        address participant,\n        Roles[] memory hasrole_roles,\n        Roles[] memory notrole_roles\n    ) internal view returns (bool) ",
  "replace": "function roleSatisf(\n        address participant,\n        Roles[] memory hasrole_roles,\n        Roles[] memory notrole_roles\n    ) public view returns (bool) ",
  "operator": "FVR",
  "status": "live",
  "killers": [],
  "nonKillers": [],
  "bytecode": null,
  "testingTime": 117445,
  "id": "4a861942"
 },
 {
  "file": "/home/elvis/Documents/GitHub/DAFSM-Updated/solidity_code_gen/py_server/py_server/code_zip/Mutations1/BasicProvenance_10000_0.01_no_pi_834d9d96-36d4-4689-b880-a47acb6a6b59_337374478968/contracts/BasicProvenance.sol",
  "start": 2564,
  "end": 2633,
  "startLine": 79,
  "endLine": 79,
  "original": "function _roles(Roles r1) internal pure returns (Roles[] memory arr) ",
  "replace": "function _roles(Roles r1) public pure returns (Roles[] memory arr) ",
  "operator": "FVR",
  "status": "live",
  "killers": [],
  "nonKillers": [],
  "bytecode": null,
  "testingTime": 115395,
  "id": "cefe1dc7"
 },
 {
  "file": "/home/elvis/Documents/GitHub/DAFSM-Updated/solidity_code_gen/py_server/py_server/code_zip/Mutations1/BasicProvenance_10000_0.01_no_pi_834d9d96-36d4-4689-b880-a47acb6a6b59_337374478968/contracts/BasicProvenance.sol",
  "start": 472,
  "end": 473,
  "startLine": 19,
  "endLine": 19,
  "original": "0",
  "replace": "1",
  "operator": "ILR",
  "status": "live",
  "killers": [],
  "nonKillers": [],
  "bytecode": null,
  "testingTime": 115339,
  "id": "b86b504a"
 },
 {
  "file": "/home/elvis/Documents/GitHub/DAFSM-Updated/solidity_code_gen/py_server/py_server/code_zip/Mutations1/BasicProvenance_10000_0.01_no_pi_834d9d96-36d4-4689-b880-a47acb6a6b59_337374478968/contracts/BasicProvenance.sol",
  "start": 173,
  "end": 192,
  "startLine": 10,
  "endLine": 10,
  "original": "State public _state",
  "replace": "State internal _state",
  "operator": "VVR",
  "status": "live",
  "killers": [],
  "nonKillers": [],
  "bytecode": null,
  "testingTime": 114056,
  "id": "dabcf1ee"
 },
 {
  "file": "/home/elvis/Documents/GitHub/DAFSM-Updated/solidity_code_gen/py_server/py_server/code_zip/Mutations1/BasicProvenance_10000_0.01_no_pi_834d9d96-36d4-4689-b880-a47acb6a6b59_337374478968/contracts/BasicProvenance.sol",
  "start": 306,
  "end": 310,
  "startLine": 16,
  "endLine": 16,
  "original": "true",
  "replace": "false",
  "operator": "BLR",
  "status": "killed",
  "killers": [],
  "nonKillers": [],
  "bytecode": null,
  "testingTime": 12311,
  "id": "fb8047cd"
 },
 {
  "file": "/home/elvis/Documents/GitHub/DAFSM-Updated/solidity_code_gen/py_server/py_server/code_zip/Mutations1/BasicProvenance_10000_0.01_no_pi_834d9d96-36d4-4689-b880-a47acb6a6b59_337374478968/contracts/BasicProvenance.sol",
  "start": 372,
  "end": 376,
  "startLine": 17,
  "endLine": 17,
  "original": "true",
  "replace": "false",
  "operator": "BLR",
  "status": "killed",
  "killers": [],
  "nonKillers": [],
  "bytecode": null,
  "testingTime": 12224,
  "id": "5fad6135"
 },
 {
  "file": "/home/elvis/Documents/GitHub/DAFSM-Updated/solidity_code_gen/py_server/py_server/code_zip/Mutations1/BasicProvenance_10000_0.01_no_pi_834d9d96-36d4-4689-b880-a47acb6a6b59_337374478968/contracts/BasicProvenance.sol",
  "start": 665,
  "end": 669,
  "startLine": 29,
  "endLine": 29,
  "original": "true",
  "replace": "false",
  "operator": "BLR",
  "status": "killed",
  "killers": [],
  "nonKillers": [],
  "bytecode": null,
  "testingTime": 12229,
  "id": "5407e2b7"
 },
 {
  "file": "/home/elvis/Documents/GitHub/DAFSM-Updated/solidity_code_gen/py_server/py_server/code_zip/Mutations1/BasicProvenance_10000_0.01_no_pi_834d9d96-36d4-4689-b880-a47acb6a6b59_337374478968/contracts/BasicProvenance.sol",
  "start": 732,
  "end": 737,
  "startLine": 30,
  "endLine": 30,
  "original": "false",
  "replace": "true",
  "operator": "BLR",
  "status": "killed",
  "killers": [],
  "nonKillers": [],
  "bytecode": null,
  "testingTime": 12227,
  "id": "07a204a0"
 },
 {
  "file": "/home/elvis/Documents/GitHub/DAFSM-Updated/solidity_code_gen/py_server/py_server/code_zip/Mutations1/BasicProvenance_10000_0.01_no_pi_834d9d96-36d4-4689-b880-a47acb6a6b59_337374478968/contracts/BasicProvenance.sol",
  "start": 787,
  "end": 791,
  "startLine": 31,
  "endLine": 31,
  "original": "true",
  "replace": "false",
  "operator": "BLR",
  "status": "killed",
  "killers": [],
  "nonKillers": [],
  "bytecode": null,
  "testingTime": 12236,
  "id": "03b1de65"
 },
 {
  "file": "/home/elvis/Documents/GitHub/DAFSM-Updated/solidity_code_gen/py_server/py_server/code_zip/Mutations1/BasicProvenance_10000_0.01_no_pi_834d9d96-36d4-4689-b880-a47acb6a6b59_337374478968/contracts/BasicProvenance.sol",
  "start": 1006,
  "end": 1010,
  "startLine": 34,
  "endLine": 34,
  "original": "true",
  "replace": "false",
  "operator": "BLR",
  "status": "killed",
  "killers": [],
  "nonKillers": [],
  "bytecode": null,
  "testingTime": 12302,
  "id": "019f707e"
 },
 {
  "file": "/home/elvis/Documents/GitHub/DAFSM-Updated/solidity_code_gen/py_server/py_server/code_zip/Mutations1/BasicProvenance_10000_0.01_no_pi_834d9d96-36d4-4689-b880-a47acb6a6b59_337374478968/contracts/BasicProvenance.sol",
  "start": 1144,
  "end": 1148,
  "startLine": 35,
  "endLine": 35,
  "original": "true",
  "replace": "false",
  "operator": "BLR",
  "status": "killed",
  "killers": [],
  "nonKillers": [],
  "bytecode": null,
  "testingTime": 12325,
  "id": "ffa6ab23"
 },
 {
  "file": "/home/elvis/Documents/GitHub/DAFSM-Updated/solidity_code_gen/py_server/py_server/code_zip/Mutations1/BasicProvenance_10000_0.01_no_pi_834d9d96-36d4-4689-b880-a47acb6a6b59_337374478968/contracts/BasicProvenance.sol",
  "start": 1399,
  "end": 1403,
  "startLine": 45,
  "endLine": 45,
  "original": "true",
  "replace": "false",
  "operator": "BLR",
  "status": "killed",
  "killers": [],
  "nonKillers": [],
  "bytecode": null,
  "testingTime": 12260,
  "id": "ab9ce0e3"
 },
 {
  "file": "/home/elvis/Documents/GitHub/DAFSM-Updated/solidity_code_gen/py_server/py_server/code_zip/Mutations1/BasicProvenance_10000_0.01_no_pi_834d9d96-36d4-4689-b880-a47acb6a6b59_337374478968/contracts/BasicProvenance.sol",
  "start": 2143,
  "end": 2148,
  "startLine": 65,
  "endLine": 65,
  "original": "false",
  "replace": "true",
  "operator": "BLR",
  "status": "killed",
  "killers": [],
  "nonKillers": [],
  "bytecode": null,
  "testingTime": 12278,
  "id": "d180e49c"
 },
 {
  "file": "/home/elvis/Documents/GitHub/DAFSM-Updated/solidity_code_gen/py_server/py_server/code_zip/Mutations1/BasicProvenance_10000_0.01_no_pi_834d9d96-36d4-4689-b880-a47acb6a6b59_337374478968/contracts/BasicProvenance.sol",
  "start": 2406,
  "end": 2411,
  "startLine": 72,
  "endLine": 72,
  "original": "false",
  "replace": "true",
  "operator": "BLR",
  "status": "killed",
  "killers": [],
  "nonKillers": [],
  "bytecode": null,
  "testingTime": 12373,
  "id": "e5c31450"
 },
 {
  "file": "/home/elvis/Documents/GitHub/DAFSM-Updated/solidity_code_gen/py_server/py_server/code_zip/Mutations1/BasicProvenance_10000_0.01_no_pi_834d9d96-36d4-4689-b880-a47acb6a6b59_337374478968/contracts/BasicProvenance.sol",
  "start": 2510,
  "end": 2514,
  "startLine": 76,
  "endLine": 76,
  "original": "true",
  "replace": "false",
  "operator": "BLR",
  "status": "killed",
  "killers": [],
  "nonKillers": [],
  "bytecode": null,
  "testingTime": 12235,
  "id": "0ffd61c7"
 },
 {
  "file": "/home/elvis/Documents/GitHub/DAFSM-Updated/solidity_code_gen/py_server/py_server/code_zip/Mutations1/BasicProvenance_10000_0.01_no_pi_834d9d96-36d4-4689-b880-a47acb6a6b59_337374478968/contracts/BasicProvenance.sol",
  "start": 661,
  "end": 665,
  "startLine": 29,
  "endLine": 29,
  "original": " && ",
  "replace": " || ",
  "operator": "BOR",
  "status": "killed",
  "killers": [],
  "nonKillers": [],
  "bytecode": null,
  "testingTime": 12349,
  "id": "a548d80f"
 },
 {
  "file": "/home/elvis/Documents/GitHub/DAFSM-Updated/solidity_code_gen/py_server/py_server/code_zip/Mutations1/BasicProvenance_10000_0.01_no_pi_834d9d96-36d4-4689-b880-a47acb6a6b59_337374478968/contracts/BasicProvenance.sol",
  "start": 649,
  "end": 653,
  "startLine": 29,
  "endLine": 29,
  "original": " == ",
  "replace": " != ",
  "operator": "BOR",
  "status": "killed",
  "killers": [],
  "nonKillers": [],
  "bytecode": null,
  "testingTime": 12447,
  "id": "8b68a4db"
 },
 {
  "file": "/home/elvis/Documents/GitHub/DAFSM-Updated/solidity_code_gen/py_server/py_server/code_zip/Mutations1/BasicProvenance_10000_0.01_no_pi_834d9d96-36d4-4689-b880-a47acb6a6b59_337374478968/contracts/BasicProvenance.sol",
  "start": 891,
  "end": 895,
  "startLine": 33,
  "endLine": 33,
  "original": " && ",
  "replace": " || ",
  "operator": "BOR",
  "status": "killed",
  "killers": [],
  "nonKillers": [],
  "bytecode": null,
  "testingTime": 12299,
  "id": "8e030445"
 },
 {
  "file": "/home/elvis/Documents/GitHub/DAFSM-Updated/solidity_code_gen/py_server/py_server/code_zip/Mutations1/BasicProvenance_10000_0.01_no_pi_834d9d96-36d4-4689-b880-a47acb6a6b59_337374478968/contracts/BasicProvenance.sol",
  "start": 1010,
  "end": 1014,
  "startLine": 34,
  "endLine": 34,
  "original": " && ",
  "replace": " || ",
  "operator": "BOR",
  "status": "killed",
  "killers": [],
  "nonKillers": [],
  "bytecode": null,
  "testingTime": 12388,
  "id": "8adb8b57"
 },
 {
  "file": "/home/elvis/Documents/GitHub/DAFSM-Updated/solidity_code_gen/py_server/py_server/code_zip/Mutations1/BasicProvenance_10000_0.01_no_pi_834d9d96-36d4-4689-b880-a47acb6a6b59_337374478968/contracts/BasicProvenance.sol",
  "start": 1002,
  "end": 1006,
  "startLine": 34,
  "endLine": 34,
  "original": " && ",
  "replace": " || ",
  "operator": "BOR",
  "status": "killed",
  "killers": [],
  "nonKillers": [],
  "bytecode": null,
  "testingTime": 12421,
  "id": "a881c91e"
 },
 {
  "file": "/home/elvis/Documents/GitHub/DAFSM-Updated/solidity_code_gen/py_server/py_server/code_zip/Mutations1/BasicProvenance_10000_0.01_no_pi_834d9d96-36d4-4689-b880-a47acb6a6b59_337374478968/contracts/BasicProvenance.sol",
  "start": 990,
  "end": 994,
  "startLine": 34,
  "endLine": 34,
  "original": " == ",
  "replace": " != ",
  "operator": "BOR",
  "status": "killed",
  "killers": [],
  "nonKillers": [],
  "bytecode": null,
  "testingTime": 12437,
  "id": "88022dba"
 },
 {
  "file": "/home/elvis/Documents/GitHub/DAFSM-Updated/solidity_code_gen/py_server/py_server/code_zip/Mutations1/BasicProvenance_10000_0.01_no_pi_834d9d96-36d4-4689-b880-a47acb6a6b59_337374478968/contracts/BasicProvenance.sol",
  "start": 1403,
  "end": 1407,
  "startLine": 45,
  "endLine": 45,
  "original": " && ",
  "replace": " || ",
  "operator": "BOR",
  "status": "killed",
  "killers": [],
  "nonKillers": [],
  "bytecode": null,
  "testingTime": 12062,
  "id": "2f72c148"
 },
 {
  "file": "/home/elvis/Documents/GitHub/DAFSM-Updated/solidity_code_gen/py_server/py_server/code_zip/Mutations1/BasicProvenance_10000_0.01_no_pi_834d9d96-36d4-4689-b880-a47acb6a6b59_337374478968/contracts/BasicProvenance.sol",
  "start": 1395,
  "end": 1399,
  "startLine": 45,
  "endLine": 45,
  "original": " && ",
  "replace": " || ",
  "operator": "BOR",
  "status": "killed",
  "killers": [],
  "nonKillers": [],
  "bytecode": null,
  "testingTime": 12172,
  "id": "77d9057f"
 },
 {
  "file": "/home/elvis/Documents/GitHub/DAFSM-Updated/solidity_code_gen/py_server/py_server/code_zip/Mutations1/BasicProvenance_10000_0.01_no_pi_834d9d96-36d4-4689-b880-a47acb6a6b59_337374478968/contracts/BasicProvenance.sol",
  "start": 1383,
  "end": 1387,
  "startLine": 45,
  "endLine": 45,
  "original": " == ",
  "replace": " != ",
  "operator": "BOR",
  "status": "killed",
  "killers": [],
  "nonKillers": [],
  "bytecode": null,
  "testingTime": 12187,
  "id": "f217350b"
 },
 {
  "file": "/home/elvis/Documents/GitHub/DAFSM-Updated/solidity_code_gen/py_server/py_server/code_zip/Mutations1/BasicProvenance_10000_0.01_no_pi_834d9d96-36d4-4689-b880-a47acb6a6b59_337374478968/contracts/BasicProvenance.sol",
  "start": 2025,
  "end": 2028,
  "startLine": 63,
  "endLine": 63,
  "original": " < ",
  "replace": " <= ",
  "operator": "BOR",
  "status": "killed",
  "killers": [],
  "nonKillers": [],
  "bytecode": null,
  "testingTime": 12216,
  "id": "46081bd7"
 },
 {
  "file": "/home/elvis/Documents/GitHub/DAFSM-Updated/solidity_code_gen/py_server/py_server/code_zip/Mutations1/BasicProvenance_10000_0.01_no_pi_834d9d96-36d4-4689-b880-a47acb6a6b59_337374478968/contracts/BasicProvenance.sol",
  "start": 2025,
  "end": 2028,
  "startLine": 63,
  "endLine": 63,
  "original": " < ",
  "replace": " >=  ",
  "operator": "BOR",
  "status": "killed",
  "killers": [],
  "nonKillers": [],
  "bytecode": null,
  "testingTime": 12241,
  "id": "19b1bf7f"
 },
 {
  "file": "/home/elvis/Documents/GitHub/DAFSM-Updated/solidity_code_gen/py_server/py_server/code_zip/Mutations1/BasicProvenance_10000_0.01_no_pi_834d9d96-36d4-4689-b880-a47acb6a6b59_337374478968/contracts/BasicProvenance.sol",
  "start": 2287,
  "end": 2290,
  "startLine": 70,
  "endLine": 70,
  "original": " < ",
  "replace": " <= ",
  "operator": "BOR",
  "status": "killed",
  "killers": [],
  "nonKillers": [],
  "bytecode": null,
  "testingTime": 12266,
  "id": "140eb603"
 },
 {
  "file": "/home/elvis/Documents/GitHub/DAFSM-Updated/solidity_code_gen/py_server/py_server/code_zip/Mutations1/BasicProvenance_10000_0.01_no_pi_834d9d96-36d4-4689-b880-a47acb6a6b59_337374478968/contracts/BasicProvenance.sol",
  "start": 2287,
  "end": 2290,
  "startLine": 70,
  "endLine": 70,
  "original": " < ",
  "replace": " >=  ",
  "operator": "BOR",
  "status": "killed",
  "killers": [],
  "nonKillers": [],
  "bytecode": null,
  "testingTime": 12241,
  "id": "e3e66967"
 },
 {
  "file": "/home/elvis/Documents/GitHub/DAFSM-Updated/solidity_code_gen/py_server/py_server/code_zip/Mutations1/BasicProvenance_10000_0.01_no_pi_834d9d96-36d4-4689-b880-a47acb6a6b59_337374478968/contracts/BasicProvenance.sol",
  "start": 277,
  "end": 553,
  "startLine": 15,
  "endLine": 24,
  "original": "constructor()  {\n        if (true) {\n            _permissions[msg.sender][Roles.SupplyOwner] = true;\n\t\t_state = State.S0; \n\tassert(roleSatisf(msg.sender, _roles(Roles.SupplyOwner), new Roles [] (0)));\n\t\n        } else {\n            revert(\"Condition not met\");\n        }\n    }",
  "replace": "/* constructor()  {\n        if (true) {\n            _permissions[msg.sender][Roles.SupplyOwner] = true;\n\t\t_state = State.S0; \n\tassert(roleSatisf(msg.sender, _roles(Roles.SupplyOwner), new Roles [] (0)));\n\t\n        } else {\n            revert(\"Condition not met\");\n        }\n    } */",
  "operator": "CCD",
  "status": "killed",
  "killers": [],
  "nonKillers": [],
  "bytecode": null,
  "testingTime": 12242,
  "id": "4ce0a7a6"
 },
 {
  "file": "/home/elvis/Documents/GitHub/DAFSM-Updated/solidity_code_gen/py_server/py_server/code_zip/Mutations1/BasicProvenance_10000_0.01_no_pi_834d9d96-36d4-4689-b880-a47acb6a6b59_337374478968/contracts/BasicProvenance.sol",
  "start": 306,
  "end": 310,
  "startLine": 16,
  "endLine": 16,
  "original": "true",
  "replace": "false",
  "operator": "CSC",
  "status": "killed",
  "killers": [],
  "nonKillers": [],
  "bytecode": null,
  "testingTime": 12240,
  "id": "fb8047cd"
 },
 {
  "file": "/home/elvis/Documents/GitHub/DAFSM-Updated/solidity_code_gen/py_server/py_server/code_zip/Mutations1/BasicProvenance_10000_0.01_no_pi_834d9d96-36d4-4689-b880-a47acb6a6b59_337374478968/contracts/BasicProvenance.sol",
  "start": 643,
  "end": 669,
  "startLine": 29,
  "endLine": 29,
  "original": "_state == State.S0 && true",
  "replace": "true",
  "operator": "CSC",
  "status": "killed",
  "killers": [],
  "nonKillers": [],
  "bytecode": null,
  "testingTime": 12312,
  "id": "e9435cdf"
 },
 {
  "file": "/home/elvis/Documents/GitHub/DAFSM-Updated/solidity_code_gen/py_server/py_server/code_zip/Mutations1/BasicProvenance_10000_0.01_no_pi_834d9d96-36d4-4689-b880-a47acb6a6b59_337374478968/contracts/BasicProvenance.sol",
  "start": 643,
  "end": 669,
  "startLine": 29,
  "endLine": 29,
  "original": "_state == State.S0 && true",
  "replace": "false",
  "operator": "CSC",
  "status": "killed",
  "killers": [],
  "nonKillers": [],
  "bytecode": null,
  "testingTime": 12261,
  "id": "5e3bf2b7"
 },
 {
  "file": "/home/elvis/Documents/GitHub/DAFSM-Updated/solidity_code_gen/py_server/py_server/code_zip/Mutations1/BasicProvenance_10000_0.01_no_pi_834d9d96-36d4-4689-b880-a47acb6a6b59_337374478968/contracts/BasicProvenance.sol",
  "start": 984,
  "end": 1082,
  "startLine": 34,
  "endLine": 34,
  "original": "_state == State.S1 && true && roleSatisf(msg.sender, _roles(Roles.CounterParty), new Roles [] (0))",
  "replace": "true",
  "operator": "CSC",
  "status": "killed",
  "killers": [],
  "nonKillers": [],
  "bytecode": null,
  "testingTime": 12598,
  "id": "687e330f"
 },
 {
  "file": "/home/elvis/Documents/GitHub/DAFSM-Updated/solidity_code_gen/py_server/py_server/code_zip/Mutations1/BasicProvenance_10000_0.01_no_pi_834d9d96-36d4-4689-b880-a47acb6a6b59_337374478968/contracts/BasicProvenance.sol",
  "start": 984,
  "end": 1082,
  "startLine": 34,
  "endLine": 34,
  "original": "_state == State.S1 && true && roleSatisf(msg.sender, _roles(Roles.CounterParty), new Roles [] (0))",
  "replace": "false",
  "operator": "CSC",
  "status": "killed",
  "killers": [],
  "nonKillers": [],
  "bytecode": null,
  "testingTime": 12520,
  "id": "70eed30c"
 },
 {
  "file": "/home/elvis/Documents/GitHub/DAFSM-Updated/solidity_code_gen/py_server/py_server/code_zip/Mutations1/BasicProvenance_10000_0.01_no_pi_834d9d96-36d4-4689-b880-a47acb6a6b59_337374478968/contracts/BasicProvenance.sol",
  "start": 1259,
  "end": 1317,
  "startLine": 34,
  "endLine": 40,
  "original": " else {\n            revert(\"Condition not met\");\n        }",
  "replace": "/* else {\n            revert(\"Condition not met\");\n        }*/",
  "operator": "CSC",
  "status": "killed",
  "killers": [],
  "nonKillers": [],
  "bytecode": null,
  "testingTime": 12406,
  "id": "2f361114"
 },
 {
  "file": "/home/elvis/Documents/GitHub/DAFSM-Updated/solidity_code_gen/py_server/py_server/code_zip/Mutations1/BasicProvenance_10000_0.01_no_pi_834d9d96-36d4-4689-b880-a47acb6a6b59_337374478968/contracts/BasicProvenance.sol",
  "start": 1377,
  "end": 1474,
  "startLine": 45,
  "endLine": 45,
  "original": "_state == State.S1 && true && roleSatisf(msg.sender, _roles(Roles.SupplyOwner), new Roles [] (0))",
  "replace": "true",
  "operator": "CSC",
  "status": "killed",
  "killers": [],
  "nonKillers": [],
  "bytecode": null,
  "testingTime": 12248,
  "id": "d6022cea"
 },
 {
  "file": "/home/elvis/Documents/GitHub/DAFSM-Updated/solidity_code_gen/py_server/py_server/code_zip/Mutations1/BasicProvenance_10000_0.01_no_pi_834d9d96-36d4-4689-b880-a47acb6a6b59_337374478968/contracts/BasicProvenance.sol",
  "start": 1377,
  "end": 1474,
  "startLine": 45,
  "endLine": 45,
  "original": "_state == State.S1 && true && roleSatisf(msg.sender, _roles(Roles.SupplyOwner), new Roles [] (0))",
  "replace": "false",
  "operator": "CSC",
  "status": "killed",
  "killers": [],
  "nonKillers": [],
  "bytecode": null,
  "testingTime": 12284,
  "id": "1fe24c5e"
 },
 {
  "file": "/home/elvis/Documents/GitHub/DAFSM-Updated/solidity_code_gen/py_server/py_server/code_zip/Mutations1/BasicProvenance_10000_0.01_no_pi_834d9d96-36d4-4689-b880-a47acb6a6b59_337374478968/contracts/BasicProvenance.sol",
  "start": 1518,
  "end": 1576,
  "startLine": 45,
  "endLine": 49,
  "original": " else {\n            revert(\"Condition not met\");\n        }",
  "replace": "/* else {\n            revert(\"Condition not met\");\n        }*/",
  "operator": "CSC",
  "status": "killed",
  "killers": [],
  "nonKillers": [],
  "bytecode": null,
  "testingTime": 12139,
  "id": "b675c25e"
 },
 {
  "file": "/home/elvis/Documents/GitHub/DAFSM-Updated/solidity_code_gen/py_server/py_server/code_zip/Mutations1/BasicProvenance_10000_0.01_no_pi_834d9d96-36d4-4689-b880-a47acb6a6b59_337374478968/contracts/BasicProvenance.sol",
  "start": 2073,
  "end": 2116,
  "startLine": 64,
  "endLine": 64,
  "original": "_permissions[participant][notrole_roles[i]]",
  "replace": "true",
  "operator": "CSC",
  "status": "killed",
  "killers": [],
  "nonKillers": [],
  "bytecode": null,
  "testingTime": 12390,
  "id": "4df23af7"
 },
 {
  "file": "/home/elvis/Documents/GitHub/DAFSM-Updated/solidity_code_gen/py_server/py_server/code_zip/Mutations1/BasicProvenance_10000_0.01_no_pi_834d9d96-36d4-4689-b880-a47acb6a6b59_337374478968/contracts/BasicProvenance.sol",
  "start": 2073,
  "end": 2116,
  "startLine": 64,
  "endLine": 64,
  "original": "_permissions[participant][notrole_roles[i]]",
  "replace": "false",
  "operator": "CSC",
  "status": "killed",
  "killers": [],
  "nonKillers": [],
  "bytecode": null,
  "testingTime": 12373,
  "id": "a6df96c8"
 },
 {
  "file": "/home/elvis/Documents/GitHub/DAFSM-Updated/solidity_code_gen/py_server/py_server/code_zip/Mutations1/BasicProvenance_10000_0.01_no_pi_834d9d96-36d4-4689-b880-a47acb6a6b59_337374478968/contracts/BasicProvenance.sol",
  "start": 2335,
  "end": 2379,
  "startLine": 71,
  "endLine": 71,
  "original": "!_permissions[participant][hasrole_roles[i]]",
  "replace": "true",
  "operator": "CSC",
  "status": "killed",
  "killers": [],
  "nonKillers": [],
  "bytecode": null,
  "testingTime": 12352,
  "id": "ab9fa307"
 },
 {
  "file": "/home/elvis/Documents/GitHub/DAFSM-Updated/solidity_code_gen/py_server/py_server/code_zip/Mutations1/BasicProvenance_10000_0.01_no_pi_834d9d96-36d4-4689-b880-a47acb6a6b59_337374478968/contracts/BasicProvenance.sol",
  "start": 2335,
  "end": 2379,
  "startLine": 71,
  "endLine": 71,
  "original": "!_permissions[participant][hasrole_roles[i]]",
  "replace": "false",
  "operator": "CSC",
  "status": "killed",
  "killers": [],
  "nonKillers": [],
  "bytecode": null,
  "testingTime": 12656,
  "id": "1bd45388"
 },
 {
  "file": "/home/elvis/Documents/GitHub/DAFSM-Updated/solidity_code_gen/py_server/py_server/code_zip/Mutations1/BasicProvenance_10000_0.01_no_pi_834d9d96-36d4-4689-b880-a47acb6a6b59_337374478968/contracts/BasicProvenance.sol",
  "start": 816,
  "end": 964,
  "startLine": 33,
  "endLine": 33,
  "original": "assert(roleSatisf(msg.sender, new Roles [] (0), _roles(Roles.CounterParty)) && roleSatisf(recipient, _roles(Roles.CounterParty), new Roles [] (0)));",
  "replace": "/* assert(roleSatisf(msg.sender, new Roles [] (0), _roles(Roles.CounterParty)) && roleSatisf(recipient, _roles(Roles.CounterParty), new Roles [] (0))); */",
  "operator": "EHC",
  "status": "killed",
  "killers": [],
  "nonKillers": [],
  "bytecode": null,
  "testingTime": 12252,
  "id": "7b13b92f"
 },
 {
  "file": "/home/elvis/Documents/GitHub/DAFSM-Updated/solidity_code_gen/py_server/py_server/code_zip/Mutations1/BasicProvenance_10000_0.01_no_pi_834d9d96-36d4-4689-b880-a47acb6a6b59_337374478968/contracts/BasicProvenance.sol",
  "start": 1279,
  "end": 1307,
  "startLine": 39,
  "endLine": 39,
  "original": "revert(\"Condition not met\");",
  "replace": "/* revert(\"Condition not met\"); */",
  "operator": "EHC",
  "status": "killed",
  "killers": [],
  "nonKillers": [],
  "bytecode": null,
  "testingTime": 12523,
  "id": "39fdd386"
 },
 {
  "file": "/home/elvis/Documents/GitHub/DAFSM-Updated/solidity_code_gen/py_server/py_server/code_zip/Mutations1/BasicProvenance_10000_0.01_no_pi_834d9d96-36d4-4689-b880-a47acb6a6b59_337374478968/contracts/BasicProvenance.sol",
  "start": 1538,
  "end": 1566,
  "startLine": 48,
  "endLine": 48,
  "original": "revert(\"Condition not met\");",
  "replace": "/* revert(\"Condition not met\"); */",
  "operator": "EHC",
  "status": "killed",
  "killers": [],
  "nonKillers": [],
  "bytecode": null,
  "testingTime": 12232,
  "id": "d775c176"
 },
 {
  "file": "/home/elvis/Documents/GitHub/DAFSM-Updated/solidity_code_gen/py_server/py_server/code_zip/Mutations1/BasicProvenance_10000_0.01_no_pi_834d9d96-36d4-4689-b880-a47acb6a6b59_337374478968/contracts/BasicProvenance.sol",
  "start": 389,
  "end": 397,
  "startLine": 18,
  "endLine": 18,
  "original": "State.S0",
  "replace": "State.S1",
  "operator": "ER",
  "status": "killed",
  "killers": [],
  "nonKillers": [],
  "bytecode": null,
  "testingTime": 12177,
  "id": "1f2c87d5"
 },
 {
  "file": "/home/elvis/Documents/GitHub/DAFSM-Updated/solidity_code_gen/py_server/py_server/code_zip/Mutations1/BasicProvenance_10000_0.01_no_pi_834d9d96-36d4-4689-b880-a47acb6a6b59_337374478968/contracts/BasicProvenance.sol",
  "start": 653,
  "end": 661,
  "startLine": 29,
  "endLine": 29,
  "original": "State.S0",
  "replace": "State.S1",
  "operator": "ER",
  "status": "killed",
  "killers": [],
  "nonKillers": [],
  "bytecode": null,
  "testingTime": 12320,
  "id": "9b2c0cc0"
 },
 {
  "file": "/home/elvis/Documents/GitHub/DAFSM-Updated/solidity_code_gen/py_server/py_server/code_zip/Mutations1/BasicProvenance_10000_0.01_no_pi_834d9d96-36d4-4689-b880-a47acb6a6b59_337374478968/contracts/BasicProvenance.sol",
  "start": 804,
  "end": 812,
  "startLine": 32,
  "endLine": 32,
  "original": "State.S1",
  "replace": "State.S0",
  "operator": "ER",
  "status": "killed",
  "killers": [],
  "nonKillers": [],
  "bytecode": null,
  "testingTime": 12155,
  "id": "07df1232"
 },
 {
  "file": "/home/elvis/Documents/GitHub/DAFSM-Updated/solidity_code_gen/py_server/py_server/code_zip/Mutations1/BasicProvenance_10000_0.01_no_pi_834d9d96-36d4-4689-b880-a47acb6a6b59_337374478968/contracts/BasicProvenance.sol",
  "start": 994,
  "end": 1002,
  "startLine": 34,
  "endLine": 34,
  "original": "State.S1",
  "replace": "State.S0",
  "operator": "ER",
  "status": "killed",
  "killers": [],
  "nonKillers": [],
  "bytecode": null,
  "testingTime": 12289,
  "id": "b48e0dbd"
 },
 {
  "file": "/home/elvis/Documents/GitHub/DAFSM-Updated/solidity_code_gen/py_server/py_server/code_zip/Mutations1/BasicProvenance_10000_0.01_no_pi_834d9d96-36d4-4689-b880-a47acb6a6b59_337374478968/contracts/BasicProvenance.sol",
  "start": 1161,
  "end": 1169,
  "startLine": 36,
  "endLine": 36,
  "original": "State.S1",
  "replace": "State.S0",
  "operator": "ER",
  "status": "killed",
  "killers": [],
  "nonKillers": [],
  "bytecode": null,
  "testingTime": 12050,
  "id": "8fa03da6"
 },
 {
  "file": "/home/elvis/Documents/GitHub/DAFSM-Updated/solidity_code_gen/py_server/py_server/code_zip/Mutations1/BasicProvenance_10000_0.01_no_pi_834d9d96-36d4-4689-b880-a47acb6a6b59_337374478968/contracts/BasicProvenance.sol",
  "start": 1387,
  "end": 1395,
  "startLine": 45,
  "endLine": 45,
  "original": "State.S1",
  "replace": "State.S0",
  "operator": "ER",
  "status": "killed",
  "killers": [],
  "nonKillers": [],
  "bytecode": null,
  "testingTime": 11561,
  "id": "b7fe1c1f"
 },
 {
  "file": "/home/elvis/Documents/GitHub/DAFSM-Updated/solidity_code_gen/py_server/py_server/code_zip/Mutations1/BasicProvenance_10000_0.01_no_pi_834d9d96-36d4-4689-b880-a47acb6a6b59_337374478968/contracts/BasicProvenance.sol",
  "start": 569,
  "end": 629,
  "startLine": 28,
  "endLine": 28,
  "original": "function TransferResponsibility (address recipient) public  ",
  "replace": "function TransferResponsibility (address recipient) internal  ",
  "operator": "FVR",
  "status": "killed",
  "killers": [],
  "nonKillers": [],
  "bytecode": null,
  "testingTime": 12009,
  "id": "d3d33c60"
 },
 {
  "file": "/home/elvis/Documents/GitHub/DAFSM-Updated/solidity_code_gen/py_server/py_server/code_zip/Mutations1/BasicProvenance_10000_0.01_no_pi_834d9d96-36d4-4689-b880-a47acb6a6b59_337374478968/contracts/BasicProvenance.sol",
  "start": 1334,
  "end": 1363,
  "startLine": 44,
  "endLine": 44,
  "original": "function Complete () public  ",
  "replace": "function Complete () internal  ",
  "operator": "FVR",
  "status": "killed",
  "killers": [],
  "nonKillers": [],
  "bytecode": null,
  "testingTime": 12066,
  "id": "0bbcf08b"
 },
 {
  "file": "/home/elvis/Documents/GitHub/DAFSM-Updated/solidity_code_gen/py_server/py_server/code_zip/Mutations1/BasicProvenance_10000_0.01_no_pi_834d9d96-36d4-4689-b880-a47acb6a6b59_337374478968/contracts/BasicProvenance.sol",
  "start": 860,
  "end": 861,
  "startLine": 33,
  "endLine": 33,
  "original": "0",
  "replace": "1",
  "operator": "ILR",
  "status": "killed",
  "killers": [],
  "nonKillers": [],
  "bytecode": null,
  "testingTime": 12313,
  "id": "095f7230"
 },
 {
  "file": "/home/elvis/Documents/GitHub/DAFSM-Updated/solidity_code_gen/py_server/py_server/code_zip/Mutations1/BasicProvenance_10000_0.01_no_pi_834d9d96-36d4-4689-b880-a47acb6a6b59_337374478968/contracts/BasicProvenance.sol",
  "start": 959,
  "end": 960,
  "startLine": 33,
  "endLine": 33,
  "original": "0",
  "replace": "1",
  "operator": "ILR",
  "status": "killed",
  "killers": [],
  "nonKillers": [],
  "bytecode": null,
  "testingTime": 11962,
  "id": "c3ae5594"
 },
 {
  "file": "/home/elvis/Documents/GitHub/DAFSM-Updated/solidity_code_gen/py_server/py_server/code_zip/Mutations1/BasicProvenance_10000_0.01_no_pi_834d9d96-36d4-4689-b880-a47acb6a6b59_337374478968/contracts/BasicProvenance.sol",
  "start": 1079,
  "end": 1080,
  "startLine": 34,
  "endLine": 34,
  "original": "0",
  "replace": "1",
  "operator": "ILR",
  "status": "killed",
  "killers": [],
  "nonKillers": [],
  "bytecode": null,
  "testingTime": 12288,
  "id": "909f380a"
 },
 {
  "file": "/home/elvis/Documents/GitHub/DAFSM-Updated/solidity_code_gen/py_server/py_server/code_zip/Mutations1/BasicProvenance_10000_0.01_no_pi_834d9d96-36d4-4689-b880-a47acb6a6b59_337374478968/contracts/BasicProvenance.sol",
  "start": 1244,
  "end": 1245,
  "startLine": 37,
  "endLine": 37,
  "original": "0",
  "replace": "1",
  "operator": "ILR",
  "status": "killed",
  "killers": [],
  "nonKillers": [],
  "bytecode": null,
  "testingTime": 12172,
  "id": "4d3dcec3"
 },
 {
  "file": "/home/elvis/Documents/GitHub/DAFSM-Updated/solidity_code_gen/py_server/py_server/code_zip/Mutations1/BasicProvenance_10000_0.01_no_pi_834d9d96-36d4-4689-b880-a47acb6a6b59_337374478968/contracts/BasicProvenance.sol",
  "start": 1471,
  "end": 1472,
  "startLine": 45,
  "endLine": 45,
  "original": "0",
  "replace": "1",
  "operator": "ILR",
  "status": "killed",
  "killers": [],
  "nonKillers": [],
  "bytecode": null,
  "testingTime": 12116,
  "id": "88398234"
 },
 {
  "file": "/home/elvis/Documents/GitHub/DAFSM-Updated/solidity_code_gen/py_server/py_server/code_zip/Mutations1/BasicProvenance_10000_0.01_no_pi_834d9d96-36d4-4689-b880-a47acb6a6b59_337374478968/contracts/BasicProvenance.sol",
  "start": 2021,
  "end": 2022,
  "startLine": 63,
  "endLine": 63,
  "original": "0",
  "replace": "1",
  "operator": "ILR",
  "status": "killed",
  "killers": [],
  "nonKillers": [],
  "bytecode": null,
  "testingTime": 12066,
  "id": "e3a23546"
 },
 {
  "file": "/home/elvis/Documents/GitHub/DAFSM-Updated/solidity_code_gen/py_server/py_server/code_zip/Mutations1/BasicProvenance_10000_0.01_no_pi_834d9d96-36d4-4689-b880-a47acb6a6b59_337374478968/contracts/BasicProvenance.sol",
  "start": 2283,
  "end": 2284,
  "startLine": 70,
  "endLine": 70,
  "original": "0",
  "replace": "1",
  "operator": "ILR",
  "status": "killed",
  "killers": [],
  "nonKillers": [],
  "bytecode": null,
  "testingTime": 12253,
  "id": "231a39c6"
 },
 {
  "file": "/home/elvis/Documents/GitHub/DAFSM-Updated/solidity_code_gen/py_server/py_server/code_zip/Mutations1/BasicProvenance_10000_0.01_no_pi_834d9d96-36d4-4689-b880-a47acb6a6b59_337374478968/contracts/BasicProvenance.sol",
  "start": 2661,
  "end": 2662,
  "startLine": 80,
  "endLine": 80,
  "original": "1",
  "replace": "0",
  "operator": "ILR",
  "status": "killed",
  "killers": [],
  "nonKillers": [],
  "bytecode": null,
  "testingTime": 12086,
  "id": "4d01bb38"
 },
 {
  "file": "/home/elvis/Documents/GitHub/DAFSM-Updated/solidity_code_gen/py_server/py_server/code_zip/Mutations1/BasicProvenance_10000_0.01_no_pi_834d9d96-36d4-4689-b880-a47acb6a6b59_337374478968/contracts/BasicProvenance.sol",
  "start": 2678,
  "end": 2679,
  "startLine": 81,
  "endLine": 81,
  "original": "0",
  "replace": "1",
  "operator": "ILR",
  "status": "killed",
  "killers": [],
  "nonKillers": [],
  "bytecode": null,
  "testingTime": 12156,
  "id": "ebd026bd"
 },
 {
  "file": "/home/elvis/Documents/GitHub/DAFSM-Updated/solidity_code_gen/py_server/py_server/code_zip/Mutations1/BasicProvenance_10000_0.01_no_pi_834d9d96-36d4-4689-b880-a47acb6a6b59_337374478968/contracts/BasicProvenance.sol",
  "start": 2024,
  "end": 2048,
  "startLine": 63,
  "endLine": 63,
  "original": "i < notrole_roles.length",
  "replace": "false",
  "operator": "LSC",
  "status": "killed",
  "killers": [],
  "nonKillers": [],
  "bytecode": null,
  "testingTime": 12066,
  "id": "2df6c5a1"
 },
 {
  "file": "/home/elvis/Documents/GitHub/DAFSM-Updated/solidity_code_gen/py_server/py_server/code_zip/Mutations1/BasicProvenance_10000_0.01_no_pi_834d9d96-36d4-4689-b880-a47acb6a6b59_337374478968/contracts/BasicProvenance.sol",
  "start": 2286,
  "end": 2310,
  "startLine": 70,
  "endLine": 70,
  "original": "i < hasrole_roles.length",
  "replace": "true",
  "operator": "LSC",
  "status": "killed",
  "killers": [],
  "nonKillers": [],
  "bytecode": null,
  "testingTime": 11933,
  "id": "517f1c71"
 },
 {
  "file": "/home/elvis/Documents/GitHub/DAFSM-Updated/solidity_code_gen/py_server/py_server/code_zip/Mutations1/BasicProvenance_10000_0.01_no_pi_834d9d96-36d4-4689-b880-a47acb6a6b59_337374478968/contracts/BasicProvenance.sol",
  "start": 2286,
  "end": 2310,
  "startLine": 70,
  "endLine": 70,
  "original": "i < hasrole_roles.length",
  "replace": "false",
  "operator": "LSC",
  "status": "killed",
  "killers": [],
  "nonKillers": [],
  "bytecode": null,
  "testingTime": 12300,
  "id": "8ff59617"
 },
 {
  "file": "/home/elvis/Documents/GitHub/DAFSM-Updated/solidity_code_gen/py_server/py_server/code_zip/Mutations1/BasicProvenance_10000_0.01_no_pi_834d9d96-36d4-4689-b880-a47acb6a6b59_337374478968/contracts/BasicProvenance.sol",
  "start": 2136,
  "end": 2149,
  "startLine": 65,
  "endLine": 65,
  "original": "return false;",
  "replace": "/* return false; */",
  "operator": "RSD",
  "status": "killed",
  "killers": [],
  "nonKillers": [],
  "bytecode": null,
  "testingTime": 12076,
  "id": "99855e2a"
 },
 {
  "file": "/home/elvis/Documents/GitHub/DAFSM-Updated/solidity_code_gen/py_server/py_server/code_zip/Mutations1/BasicProvenance_10000_0.01_no_pi_834d9d96-36d4-4689-b880-a47acb6a6b59_337374478968/contracts/BasicProvenance.sol",
  "start": 2399,
  "end": 2412,
  "startLine": 72,
  "endLine": 72,
  "original": "return false;",
  "replace": "/* return false; */",
  "operator": "RSD",
  "status": "killed",
  "killers": [],
  "nonKillers": [],
  "bytecode": null,
  "testingTime": 12366,
  "id": "b449ef21"
 },
 {
  "file": "/home/elvis/Documents/GitHub/DAFSM-Updated/solidity_code_gen/py_server/py_server/code_zip/Mutations1/BasicProvenance_10000_0.01_no_pi_834d9d96-36d4-4689-b880-a47acb6a6b59_337374478968/contracts/BasicProvenance.sol",
  "start": 2503,
  "end": 2515,
  "startLine": 76,
  "endLine": 76,
  "original": "return true;",
  "replace": "/* return true; */",
  "operator": "RSD",
  "status": "killed",
  "killers": [],
  "nonKillers": [],
  "bytecode": null,
  "testingTime": 12085,
  "id": "4e02e389"
 },
 {
  "file": "/home/elvis/Documents/GitHub/DAFSM-Updated/solidity_code_gen/py_server/py_server/code_zip/Mutations1/BasicProvenance_10000_0.01_no_pi_834d9d96-36d4-4689-b880-a47acb6a6b59_337374478968/contracts/BasicProvenance.sol",
  "start": 2051,
  "end": 2053,
  "startLine": 63,
  "endLine": 63,
  "original": "++",
  "replace": "--",
  "operator": "UORD",
  "status": "killed",
  "killers": [],
  "nonKillers": [],
  "bytecode": null,
  "testingTime": 11733,
  "id": "7f78b0d9"
 },
 {
  "file": "/home/elvis/Documents/GitHub/DAFSM-Updated/solidity_code_gen/py_server/py_server/code_zip/Mutations1/BasicProvenance_10000_0.01_no_pi_834d9d96-36d4-4689-b880-a47acb6a6b59_337374478968/contracts/BasicProvenance.sol",
  "start": 2051,
  "end": 2053,
  "startLine": 63,
  "endLine": 63,
  "original": "++",
  "replace": " ",
  "operator": "UORD",
  "status": "killed",
  "killers": [],
  "nonKillers": [],
  "bytecode": null,
  "testingTime": 12910,
  "id": "e4c9b4dc"
 },
 {
  "file": "/home/elvis/Documents/GitHub/DAFSM-Updated/solidity_code_gen/py_server/py_server/code_zip/Mutations1/BasicProvenance_10000_0.01_no_pi_834d9d96-36d4-4689-b880-a47acb6a6b59_337374478968/contracts/BasicProvenance.sol",
  "start": 2313,
  "end": 2315,
  "startLine": 70,
  "endLine": 70,
  "original": "++",
  "replace": "--",
  "operator": "UORD",
  "status": "killed",
  "killers": [],
  "nonKillers": [],
  "bytecode": null,
  "testingTime": 11629,
  "id": "238b718a"
 },
 {
  "file": "/home/elvis/Documents/GitHub/DAFSM-Updated/solidity_code_gen/py_server/py_server/code_zip/Mutations1/BasicProvenance_10000_0.01_no_pi_834d9d96-36d4-4689-b880-a47acb6a6b59_337374478968/contracts/BasicProvenance.sol",
  "start": 2313,
  "end": 2315,
  "startLine": 70,
  "endLine": 70,
  "original": "++",
  "replace": " ",
  "operator": "UORD",
  "status": "killed",
  "killers": [],
  "nonKillers": [],
  "bytecode": null,
  "testingTime": 12867,
  "id": "69b40bea"
 },
 {
  "file": "/home/elvis/Documents/GitHub/DAFSM-Updated/solidity_code_gen/py_server/py_server/code_zip/Mutations1/BasicProvenance_10000_0.01_no_pi_834d9d96-36d4-4689-b880-a47acb6a6b59_337374478968/contracts/BasicProvenance.sol",
  "start": 2335,
  "end": 2378,
  "startLine": 71,
  "endLine": 71,
  "original": "!_permissions[participant][hasrole_roles[i]",
  "replace": " _permissions[participant][hasrole_roles[i]",
  "operator": "UORD",
  "status": "killed",
  "killers": [],
  "nonKillers": [],
  "bytecode": null,
  "testingTime": 12044,
  "id": "e050f58b"
 }
]